Date_Time,Gas,eDag,eNacht,SMA_3000,SMA_7000,SMA,Temperatuur,Water
2015-10-07 12:00,000.288,,,,,,12.8,
2015-10-28 07:52,104.292,,,,,,9.1,
2015-11-02 07:12,177.891,162821,129231,,,,1.9,437.588
2015-11-02 17:22,181.980,,,,,,1.9,
2015-11-09 21:58,211.310,162934,129313,,,,13.3,441.763
2015-11-11 16:24,216.385,,,,,,11.4,
2015-11-16 07:14,240.161,,,,,,12.0,
2015-11-18 09:00,246.894,,,,,,12.0,
2015-11-18 13:40,247.043,163045.5,129404.8,,,,12,445.409
2015-11-20 10:21,259.815,163072.6,129414.9,,,,4.8,445.910
2015-11-21 08:03,264.700,163090.2,129421.9,,,,2.0,446.459
2015-11-22 09:04,273.926,163090.2,129455.3,,,,-0.5,447.104
2015-11-23 05:55,278.970,163090.2,129480.3,,,,-2.8,447.785
2015-11-24 05:33,290.417,163109.7,129486.6,,,,0.7,448.480
2015-11-25 05:33,301.149,163126.1,129493.0,,,,4.6,448.859
2015-11-26 06:33,310.722,163142.9,129498.9,,,,2.5,449.171
2015-11-27 06:45,323.979,163161.3,129505.5,,,,1.5,449.629
2015-11-28 07:46,332.827,163176.6,129512.3,,,,5.0,449.964
2015-11-29 08:05,339.286,163176.6,129534.0,,,,8.5,450.266
2015-11-30 06:59,343.523,163176.6,129560.5,,,,7.5,450.929
2015-12-01 07:20,345.723,163198.7,129568.0,,,,9.0,451.623
2015-12-02 07:14,348.138,163210.9,129575.2,,,,10.5,451.820
2015-12-03 07:05,352.731,163225.5,129582.5,,,,9.0,452.044
2015-12-04 06:39,357.368,163246.6,129587.4,4.443,7.412,11.855,9.0,452.302
2015-12-05 08:37,364.328,163248.0,129594.2,1.749,3.721,5.47,5.5,452.545
2015-12-06 08:14,371.052,163248.0,129619.9,1.371,2.790,4.161,8.5,453.197
2015-12-07 05:33,373.196,163248.0,129638.0,3.451,5.186,8.637,10.5,453.735
2015-12-08 06:43,377.511,163255.8,129643.9,2.403,6.074,8.477,8.0,454.100
2015-12-09 05:34,380.232,163272.1,129649.2,4.248,7.453,11.701,8.0,454.688
2015-12-10 06:36,387.888,163285.8,129649.9,4.175,8.028,12.203,3.5,455.116
2015-12-11 06:36,397.767,163298.3,129649.9,0.499,1.028,1.527,6.0,455.521
2015-12-12 08:42,408.575,163320.0,129649.9,1.569,3.322,4.891,6.0,456.049
2015-12-13 09:02,413.123,163334.4,129649.9,0.551,1.165,1.716,7.0,456.399
2015-12-14 05:33,416.659,163352.0,129649.9,3.751,7.078,10.829,8.5,456.709
2015-12-15 06:31,421.642,163360.6,129649.9,1.873,4.265,6.138,6.5,456.968
2015-12-16 07:45,427.288,163377.5,129649.9,0.315,0.644,0.959,11.0,457.394
2015-12-17 05:35,429.791,163400.9,129649.9,2.667,5.693,8.36,13.0,457.768
2015-12-18 05:35,431.252,163415.9,129649.9,0.571,1.195,1.766,12.5,458.143
2015-12-19 08:42,434.284,163438.5,129649.9,1.508,3.153,4.661,10.5,458.440
2015-12-20 10:02,437.538,163458.3,129649.9,2.134,4.308,6.442,11.5,458.950
2015-12-21 08:46,439.208,163474.7,129649.9,1.212,2.540,3.752,9.0,459.194
2015-12-22 09:07,441.815,163507.0,129649.9,1.422,2.987,4.409,11.0,460.001
2015-12-23 07:04,443.182,163530.2,129649.9,2.039,4.546,6.585,11.0,460.854
2015-12-24 08:31,444.915,163549.6,129649.9,1.786,4.062,5.848,9.0,461.171
2015-12-25 08:44,448.303,163571.0,129649.9,0.335,0.708,1.043,8.5,461.779
2015-12-26 09:03,454.508,163589.4,129649.9,3.910,7.902,11.812,10.5,462.108
2015-12-27 08:14,455.997,163595.6,129649.9,2.284,5.101,7.385,9.5,462.460
2015-12-28 09:01,460.403,163610.7,129649.9,3.853,6.736,10.589,6.0,462.833
2015-12-29 08:04,464.444,163626.0,129649.9,1.294,2.754,4.048,6.0,463.191
2015-12-30 07:26,467.493,163649.0,129649.9,3.283,7.396,10.679,5.5,463.606
2015-12-31 08:33,472.580,163657.9,129649.9,2.918,6.387,9.305,7.5,463.948
2016-01-01 09:33,482.219,163669.7,129649.9,2.508,5.635,8.143,4.0,464.314
2016-01-02 09:38,494.650,163678.4,129649.9,2.665,5.348,8.013,6.5,464.701
2016-01-03 08:51,499.407,163694.7,129649.9,2.559,5.587,8.146,7.0,465.057
2016-01-04 08:41,506.034,163712.9,129649.9,0.793,1.668,2.461,6.5,465.563
2016-01-05 11:56,513.597,163739.0,129649.9,0.867,1.836,2.703,8.5,466.235
2016-01-06 10:45,517.945,163770.7,129649.9,1.183,2.512,3.695,7.0,466.713
2016-01-07 12:44,523.334,163787.8,129649.9,0.302,0.646,0.948,7.5,467.205
2016-01-08 08:34,530.959,163805.2,129649.9,4.751,8.241,12.992,2.5,467.470
2016-01-09 09:43,537.713,163811.2,129649.9,2.419,5.530,7.949,5.5,467.845
2016-01-10 08:35,546.427,163826.4,129649.9,3.219,7.554,10.773,6.0,468.265
2016-01-11 07:06,552.795,163833.1,129649.9,0.639,1.342,1.981,3.5,468.590
2016-01-12 07:02,563.187,163850.9,129649.9,2.002,4.022,6.024,6.0,468.900
2016-01-13 07:06,571.352,163861.7,129649.9,1.441,3.066,4.507,5.0,469.047
2016-01-14 07:05,582.837,163877.0,129649.9,1.815,3.036,4.851,3.0,469.470
2016-01-15 07:03,593.253,163889.5,129649.9,0.555,1.143,1.698,3.5,469.767
2016-01-16 09:37,603.278,163910.2,129649.9,3.779,6.487,10.266,3.0,470.456
2016-01-17 09:20,613.860,163920.9,129649.9,2.388,6.525,8.913,-1.0,471.006
2016-01-18 09:01,627.668,163934.4,129649.9,3.971,8.481,12.452,-2.5,471.349
2016-01-19 06:48,639.060,163945.5,129649.9,5.073,10.019,15.092,-4.5,472.214
2016-01-20 06:48,653.009,163958.7,129649.9,1.574,3.279,4.853,0.0,472.584
2016-01-21 06:49,661.377,163976.6,129649.9,4.675,8.207,12.882,2.5,472.952
2016-01-22 06:43,670.369,163985.4,129649.9,2.411,5.664,8.075,-0.5,473.434
2016-01-23 09:06,678.910,163995.6,129649.9,1.070,2.239,3.309,6.5,473.711
2016-01-24 12:07,685.346,164015.9,129649.9,0.653,1.378,2.031,8.0,474.221
2016-01-25 05:46,685.568,164030.2,129649.9,6.039,11.873,17.912,10.0,474.571
2016-01-26 05:45,687.189,164041.8,129649.9,2.150,4.595,6.745,10.5,475.218
2016-01-27 05:50,688.233,164067.2,129649.9,0.561,1.191,1.752,10.5,475.835
2016-01-28 05:55,690.939,164082.4,129649.9,5.048,11.284,16.332,7.5,476.094
2016-01-29 06:16,697.727,164082.6,129649.9,0.949,1.948,2.897,4.5,476.442
2016-01-30 11:06,702.758,164102.3,129649.9,0.291,0.609,0.9,8.0,476.807
2016-01-31 10:42,711.715,164127.2,129649.9,1.270,2.659,3.929,5.5,477.418
2016-02-01 05:35,713.277,164141.5,129649.9,0.871,1.797,2.668,11.0,477.887
2016-02-02 07:28,717.077,164165.8,129649.9,0.680,1.424,2.104,9.5,478.312
2016-02-03 06:57,720.532,164186.0,129649.9,3.137,7.224,10.361,4.5,478.700
2016-02-04 06:53,727.319,164195.5,129649.9,0.935,2.065,3,3.5,479.166
2016-02-05 07:55,735.521,164211.4,129649.9,1.163,2.391,3.554,7.5,479.550
2016-02-06 09:09,739.291,164230.8,129649.9,2.081,4.507,6.588,9.0,479.879
2016-02-07 07:51,743.005,164251.3,129649.9,4.005,9.089,13.094,8.5,480.737
2016-02-08 07:57,750.558,164257.3,129649.9,3.915,8.367,12.282,8.0,481.309
2016-02-09 06:46,755.336,164275.3,129649.9,0.378,0.804,1.182,6.5,481.734
2016-02-10 10:09,768.012,164295.2,129649.9,2.386,5.252,7.638,4.0,482.312
2016-02-11 07:53,775.110,164310.9,129649.9,5.524,11.992,17.516,2.0,482.679
2016-02-12 06:53,782.756,164311.3,129649.9,8.089,16.927,25.016,4.0,483.109
2016-02-13 12:03,797.941,164308.5,129649.9,2.161,4.442,6.603,3.5,483.709
2016-02-14 10:06,805.847,164327.0,129649.9,1.448,3.041,4.489,2.5,484.153
2016-02-15 07:00,814.003,164338.6,129649.9,6.783,15.788,22.571,1.0,484.447
2016-02-16 07:11,824.783,164344.6,129649.9,9.170,21.630,30.8,-2.0,485.046
2016-02-17 07:12,837.266,164331.6,129649.9,9.058,21.427,30.485,-3.0,485.369
2016-02-18 06:53,845.825,164322.0,129649.9,5.607,11.700,17.307,1.5,485.795
2016-02-19 12:26,859.491,164323.3,129649.9,6.699,15.996,22.695,8.0,486.175
2016-02-20 09:11,864.234,164322.1,129649.9,1.867,3.761,5.628,6.5,486.384
2016-02-21 09:39,867.568,164339.1,129649.9,0.836,1.757,2.593,10.5,486.743
2016-02-22 05:47,869.350,164356.9,129649.9,1.468,2.976,4.444,10.0,487.301
2016-02-23 05:49,874.794,164373.3,129649.9,5.333,11.619,16.952,4.5,487.811
2016-02-24 06:50,886.064,164374.9,129649.9,7.487,17.282,24.769,0.5,488.101
2016-02-25 05:53,895.625,164372.5,129649.9,6.489,14.167,20.656,0.0,488.531
2016-02-26 05:46,906.758,164374.7,129649.9,5.468,11.115,16.583,1.5,488.986
2016-02-27 08:26,917.751,164377.5,129649.9,11.105,25.404,36.509,1.0,489.282
2016-02-28 10:03,934.112,164361.7,129649.9,9.359,19.998,29.357,2.0,489.738
2016-02-29 06:46,943.155,164356.9,129649.9,11.796,26.564,38.36,-1.0,490.292
2016-03-01 05:33,955.826,164343.9,129649.9,3.016,5.986,9.002,-2.0,490.769
2016-03-02 07:51,963.790,164357.3,129649.9,8.709,18.427,27.136,7.0,491.367
2016-03-03 06:32,969.811,164365.9,129649.9,8.130,17.537,25.667,2.5,492.012
2016-03-04 05:47,977.495,164361.7,129649.9,2.099,4.523,6.622,3.5,492.510
2016-03-05 08:24,989.371,164375.3,129649.9,7.635,15.650,23.285,1.0,492.787
2016-03-06 09:56,1000.960,164371.5,129649.9,4.404,9.178,13.582,4.5,493.050
2016-03-07 07:06,1007.592,164375.5,129649.9,6.004,12.315,18.319,3.0,493.272
2016-03-08 07:08,1017.573,164371.9,129649.9,7.069,14.799,21.868,0.5,493.396
2016-03-09 07:01,1027.554,164367.4,129649.9,7.500,16.125,23.625,3.0,493.642
2016-03-10 06:49,1036.099,164361.4,129649.9,13.898,29.398,43.296,1.0,494.005
2016-03-11 06:47,1046.572,164336.5,129649.9,8.696,17.102,25.798,1.0,494.273
2016-03-12 07:33,1056.043,164330.5,129649.9,14.584,31.978,46.562,-0.5,494.481
2016-03-13 07:49,1067.542,164314.7,129649.9,13.967,33.976,47.943,-0.5,495.139
2016-03-14 05:34,1076.413,164287.3,129649.9,14.366,35.591,49.957,-0.5,495.751
2016-03-15 05:37,1088.231,164268.3,129649.9,8.396,16.016,24.412,1.0,496.316
2016-03-16 05:35,1095.855,164272.3,129649.9,9.097,18.855,27.952,2.0,497.292
2016-03-17 05:57,1105.515,164262.9,129649.9,15.664,34.703,50.367,1.0,497.763
2016-03-18 05:49,1115.549,164229.6,129649.9,2.908,5.840,8.748,1.0,498.223
2016-03-19 08:22,1128.662,164238.3,129649.9,2.546,5.231,7.777,5.0,498.464
2016-03-20 08:05,1135.221,164250.9,129649.9,5.336,11.799,17.135,5.5,498.832
2016-03-21 06:18,1140.367,164253.8,129649.9,5.105,9.870,14.975,6.5,499.254
2016-03-22 06:25,1145.667,164262.0,129649.9,6.577,12.355,18.932,5.5,499.505
2016-03-23 06:17,1150.440,164260.5,129649.9,5.722,12.088,17.81,6.5,499.701
2016-03-24 06:17,1155.003,164259.6,129649.9,3.812,7.605,11.417,8.0,499.965
2016-03-25 05:50,1158.965,164265.7,129649.9,4.580,9.689,14.269,7.5,500.393
2016-03-26 08:37,1168.146,164268.6,129649.9,13.731,31.442,45.173,5.5,500.694
2016-03-27 07:39,1169.385,164244.9,129649.9,10.002,21.888,31.89,8.5,501.131
2016-03-28 08:59,1176.581,164229.3,129649.9,8.900,23.135,32.035,9.0,501.316
2016-03-29 07:10,1182.298,164216.2,129649.9,9.609,24.776,34.385,6.5,501.650
2016-03-30 07:41,1187.793,164199.0,129649.9,9.764,19.608,29.372,8.5,501.907
2016-03-31 07:40,1193.345,164187.8,129649.9,4.724,9.256,13.98,7.0,502.171
2016-04-01 07:10,1201.872,164201.1,129649.9,11.620,24.162,35.782,3.0,502.538
2016-04-02 17:09,1204.957,164179.1,129649.9,9.516,19.245,28.761,19.0,502.844
2016-04-03 16:05,1207.141,164157.0,129649.9,12.727,31.794,44.521,24.0,503.321
2016-04-04 05:39,1207.425,164147.4,129649.9,13.059,29.238,42.297,14.5,503.427
2016-04-05 05:39,1209.826,164123.6,129649.9,7.137,15.392,22.529,11.0,503.998
2016-04-06 05:46,1218.825,164124.3,129649.9,6.414,12.478,18.892,7.5,504.546
2016-04-07 07:37,1230.722,164128.0,129649.9,10.433,21.980,32.413,4.5,504.835
2016-04-08 08:07,1238.354,164115.4,129649.9,10.760,21.343,32.103,7.0,505.269
2016-04-09 07:48,1244.424,164109.2,129649.9,14.205,31.009,45.214,4.5,505.911
2016-04-10 09:24,1249.084,164085.5,129649.9,15.014,36.452,51.466,9.0,506.345
2016-04-11 05:35,1252.187,164049.8,129649.9,14.644,29.615,44.259,9.0,506.709
2016-04-12 06:34,1256.064,164024.2,129649.9,10.718,20.880,31.598,10.0,507.035
2016-04-13 07:55,1261.518,164013.4,129649.9,7.658,15.435,23.093,6.5,507.516
2016-04-14 06:36,1266.203,164015.0,129649.9,14.089,30.266,44.355,5.5,508.140
2016-04-15 05:36,1271.038,163991.5,129649.9,12.616,27.692,40.308,10.5,508.530
2016-04-16 08:09,1275.625,163972.6,129649.9,8.360,17.114,25.474,10.5,508.840
2016-04-17 09:03,1283.865,163966.8,129649.9,14.069,35.111,49.18,7.0,509.235
2016-04-18 05:40,1289.113,163934.8,129649.9,11.333,21.233,32.566,2.5,509.482
2016-04-19 06:38,1297.774,163922.5,129649.9,12.896,32.039,44.935,8.5,510.049
2016-04-20 05:39,1305.166,163899.6,129649.9,16.794,48.596,65.39,3.5,510.339
2016-04-21 06:50,1314.730,163853.3,129649.9,15.137,31.581,46.718,5.0,510.725
2016-04-22 05:40,1319.196,163828.8,129649.9,11.822,22.378,34.2,8.5,511.260
2016-04-23 08:15,1326.175,163819.2,129649.9,11.258,28.290,39.548,6.0,511.503
2016-04-24 08:55,1339.793,163808.6,129649.9,15.279,35.292,50.571,4.5,512.240
2016-04-25 07:47,1354.021,163789.5,129649.9,5.620,11.002,16.622,3.0,513.016
2016-04-26 06:11,1360.795,163790.6,129649.9,10.159,21.928,32.087,1.5,513.363
2016-04-27 06:51,1369.396,163779.9,129649.9,8.669,19.616,28.285,2.5,513.613
2016-04-28 05:47,1378.845,163778.4,129649.9,15.393,33.246,48.639,1.5,514.238
2016-04-29 05:49,1390.451,163758.8,129649.9,5.527,11.363,16.89,4.5,514.857
2016-04-30 06:00,,,,6.198,12.202,18.4,,
2016-05-01 06:00,,,,21.468,50.804,72.272,,
2016-05-02 05:39,1420.528,163723.7,129649.9,17.274,36.508,53.782,4.5,516.146
2016-05-03 05:41,1424.959,163687.0,129649.9,20.800,48.622,69.422,9.5,530.179
2016-05-04 05:43,1431.295,163635.5,129649.9,18.813,47.320,66.133,4.0,532.114
2016-05-05 08:50,1440.457,163585.6,129649.9,16.321,49.443,65.764,12.5,532.612
2016-05-06 08:08,1442.430,163604.3,129649.9,17.237,42.780,60.017,14.0,535.440
2016-05-07 08:07,1443.030,163640.7,129649.9,12.473,28.655,41.128,17.5,535.806
2016-05-08 08:14,1443.192,163704.1,129649.9,16.554,49.514,66.068,18.0,536.096
2016-05-09 05:42,1443.578,163734.8,129649.9,12.844,30.631,43.475,15.5,536.884
2016-05-10 05:39,1444.013,163766.9,129649.9,8.073,16.048,24.121,17.0,537.542
2016-05-11 05:40,1444.468,163810.9,129649.9,14.165,29.652,43.817,15.5,538.165
2016-05-12 06:42,1444.946,163831.0,129649.9,16.930,41.920,58.85,15.0,538.692
2016-05-13 05:38,1445.478,163836.3,129649.9,17.447,39.467,56.914,14.0,539.340
2016-05-14 08:00,,,,13.176,30.496,43.672,,
2016-05-15 08:00,,,,11.111,23.975,35.086,,
2016-05-16 10:07,1458.308,163868.4,129649.9,10.050,21.455,31.505,11.5,540.999
2016-05-17 05:45,1459.521,163888.9,129649.9,11.891,24.406,36.297,10.0,541.354
2016-05-18 06:39,1463.116,163918.1,129649.9,10.570,22.091,32.661,11.0,541.639
2016-05-19 05:40,1466.696,163944.8,129649.9,14.201,36.544,50.745,10.5,541.926
2016-05-20 08:40,1471.984,163952.4,129649.9,8.457,17.968,26.425,14.5,542.332
2016-05-21 09:08,1474.400,163984.1,129649.9,11.591,27.584,39.175,17.5,542.893
2016-05-22 08:27,1475.132,163997.7,129649.9,6.931,13.735,20.666,18.5,543.304
2016-05-23 07:09,1476.615,164028.6,129649.9,6.198,12.201,18.399,10.0,543.507
2016-05-24 08:00,,,,11.665,23.169,34.834,,
2016-05-25 08:00,,,,14.494,37.049,51.543,,
2016-05-26 05:51,1494.887,164116.3,129649.9,14.642,36.363,51.005,10.0,544.806
2016-05-27 07:22,1496.857,164121.7,129649.9,14.282,36.743,51.025,15.5,545.536
2016-05-28 08:10,1497.498,164125.6,129649.9,13.065,27.526,40.591,14.5,545.875
2016-05-29 09:55,1498.208,164134.7,129649.9,5.313,10.695,16.008,18.5,546.333
2016-05-30 05:45,1498.531,164167.3,129649.9,1.421,2.949,4.37,15.5,546.479
2016-05-31 05:46,1500.823,164236.0,129649.9,8.141,16.151,24.292,14.5,546.797
2016-06-01 06:40,1502.732,164275.6,129649.9,3.069,6.308,9.377,15.0,547.380
2016-06-02 05:46,1503.919,164321.0,129649.9,10.520,21.580,32.1,15.5,547.647
2016-06-03 07:42,1504.587,164353.4,129649.9,7.959,17.131,25.09,13.5,548.112
2016-06-04 09:26,1507.008,164396.0,129649.9,8.104,18.884,26.988,14.5,548.677
2016-06-05 08:04,1508.306,164431.2,129649.9,15.344,40.542,55.886,16.0,549.206
2016-06-06 07:08,1508.724,164420.3,129649.9,14.944,30.948,45.892,16.0,549.560
2016-06-07 06:37,1509.207,164415.4,129649.9,13.463,29.873,43.336,19.0,550.044
2016-06-08 05:41,1509.691,164415.3,129649.9,18.297,44.999,63.296,16.0,550.548
2016-06-09 05:33,1510.127,164396.7,129649.9,20.366,53.196,73.562,13.5,550.901
2016-06-10 06:53,1513.505,164371.1,129649.9,17.777,35.971,53.748,12.0,551.677
2016-06-11 09:00,1513.968,164372.4,129649.9,13.449,28.710,42.159,17.0,552.141
2016-06-12 09:44,1514.589,164377.1,129649.9,10.888,22.777,33.665,20.0,552.787
2016-06-13 05:50,1514.984,164386.5,129649.9,8.475,17.544,26.019,15.5,553.181
2016-06-14 05:53,1515.541,164411.6,129649.9,13.318,30.075,43.393,14.0,553.576
2016-06-15 05:54,1516.420,164415.4,129649.9,11.639,28.995,40.634,13.5,554.004
2016-06-16 05:48,1518.999,164429.0,129649.9,9.518,17.417,26.935,10.0,554.425
2016-06-17 05:53,1520.765,164446.8,129649.9,11.922,29.252,41.174,13.5,554.729
2016-06-18 09:45,1522.832,164459.8,129649.9,10.113,20.447,30.56,16.5,555.284
2016-06-19 11:10,1529.725,164496.7,129649.9,15.076,42.346,57.422,15.5,555.985
2016-06-20 07:49,1531.415,164505.0,129649.9,6.821,13.090,19.911,16.0,556.944
2016-06-21 09:40,1533.632,164544.4,129649.9,6.862,13.422,20.284,16.5,557.594
2016-06-22 05:41,1533.860,164568.8,129649.9,17.330,37.879,55.209,15.0,557.735
2016-06-23 06:52,1535.263,164571.0,129649.9,18.073,38.207,56.28,21.0,558.702
2016-06-24 05:38,1535.612,164554.9,129649.9,12.422,25.424,37.846,20.5,559.193
2016-06-25 07:23,1536.172,164564.0,129649.9,8.469,17.675,26.144,16.5,560.032
2016-06-26 07:00,,,,13.008,34.705,47.713,,
2016-06-27 07:00,,,,7.850,16.396,24.246,,
2016-06-28 10:15,1539.582,164614.1,129649.9,16.963,37.497,54.46,20.5,560.784
2016-06-29 13:10,1540.057,164610.2,129649.9,13.296,33.460,46.756,23.0,561.134
2016-06-30 06:46,1540.355,164610.7,129649.9,6.948,14.258,21.206,16.5,561.344
2016-07-01 05:48,1541.178,164649.1,129649.9,9.081,18.585,27.666,17.0,562.050
2016-07-02 06:15,,,,15.172,40.790,55.962,,
2016-07-03 06:15,,,,15.286,36.542,51.828,,
2016-07-04 05:41,1545.148,164654.5,129649.9,17.160,42.763,59.923,13.5,563.113
2016-07-05 05:41,1546.400,164640.3,129649.9,9.760,27.093,36.853,17.5,563.570
2016-07-06 05:52,1547.454,164660.3,129649.9,17.378,46.676,64.054,12.0,564.163
2016-07-07 05:38,1548.232,164646.0,129649.9,13.122,25.544,38.666,12.5,564.734
2016-07-08 05:39,1548.838,164653.2,129649.9,17.005,35.592,52.597,17.5,565.106
2016-07-09 08:25,1549.382,164643.3,129649.9,14.553,35.906,50.459,18.5,565.502
2016-07-10 08:00,,,,17.908,40.798,58.706,,
2016-07-11 08:34,1549.863,164630.1,129649.9,16.915,36.108,53.023,19.0,566.480
2016-07-12 06:40,1550.524,164623.6,129649.9,11.567,25.928,37.495,15.0,567.060
2016-07-13 08:31,1551.171,164629.8,129649.9,10.281,20.724,31.005,14.5,567.508
2016-07-14 05:41,1552.078,164656.5,129649.9,15.491,36.964,52.455,12.5,568.061
2016-07-15 06:39,1554.520,164660.2,129649.9,12.872,33.235,46.107,10.5,568.650
2016-07-16 08:38,1555.688,164665.2,129649.9,13.304,29.555,42.859,16.5,569.177
2016-07-17 09:29,1556.052,164671.1,129649.9,14.630,30.933,45.563,21.5,569.575
2016-07-18 06:52,1556.635,164663.6,129649.9,16.447,43.678,60.125,16.5,569.927
2016-07-19 05:41,1556.767,164645.5,129649.9,21.035,47.828,68.863,19.5,570.485
2016-07-20 05:40,1556.944,164624.3,129649.9,13.150,30.994,44.144,22.0,570.995
2016-07-21 09:35,1557.231,164633.7,129649.9,15.914,36.635,52.549,26.0,571.527
2016-07-22 06:50,1557.606,164629.7,129649.9,11.842,28.492,40.334,19.5,571.880
2016-07-23 08:25,1557.884,164633.7,129649.9,11.194,25.655,36.849,21.0,572.329
2016-07-24 08:57,1558.409,164643.3,129649.9,16.053,39.377,55.43,20.0,573.396
2016-07-25 09:59,1558.872,164627.7,129649.9,12.565,28.519,41.084,24.0,573.890
2016-07-26 09:17,1559.328,164630.2,129649.9,12.764,27.316,40.08,19.5,574.234
2016-07-27 10:27,1559.893,164637.4,129649.9,9.683,21.661,31.344,22.5,574.654
2016-07-28 09:10,1560.277,164652.9,129649.9,15.593,37.247,52.84,18.5,574.948
2016-07-29 08:36,1561.001,164645.4,129649.9,12.294,31.425,43.719,18.0,575.528
2016-07-30 09:32,1561.452,164641.2,129649.9,10.450,22.995,33.445,19.0,575.893
2016-07-31 09:26,1562.013,164658.7,129649.9,15.560,42.278,57.838,18.0,576.412
2016-08-01 09:32,1562.567,164646.7,129649.9,11.363,26.794,38.157,18.0,576.829
2016-08-02 09:28,1563.280,164669.3,129649.9,3.926,7.711,11.637,15.0,577.640
2016-08-03 09:51,1563.903,164717.4,129649.9,3.501,6.896,10.397,18.0,578.191
2016-08-04 09:00,,,,11.248,24.588,35.836,,
2016-08-05 08:35,1566.976,164774.4,129649.9,11.568,27.867,39.435,15.5,579.292
2016-08-06 08:57,1569.895,164780.3,129649.9,11.670,32.249,43.919,15.5,579.846
2016-08-07 10:41,1571.590,164810.6,129649.9,10.782,24.378,35.16,22.0,580.909
2016-08-08 09:00,,,,14.106,38.819,52.925,,
2016-08-09 09:00,,,,11.308,24.679,35.987,,
2016-08-10 09:00,,,,13.025,31.727,44.752,,
2016-08-11 09:00,,,,5.419,10.445,15.864,,
2016-08-12 08:43,1587.543,164825.1,129649.9,10.337,23.090,33.427,16.5,582.171
2016-08-13 09:54,1587.984,164828.2,129649.9,15.082,37.608,52.69,16.5,582.423
2016-08-14 10:28,1588.935,164817.5,129649.9,11.978,26.684,38.662,20.0,583.145
2016-08-15 10:14,1589.910,164814.0,129649.9,15.308,44.385,59.693,18.0,583.536
2016-08-16 05:52,1590.288,164795.6,129649.9,19.364,46.916,66.28,12.5,584.096
2016-08-17 06:58,1590.757,164775.2,129649.9,15.419,44.442,59.861,13.0,584.595
2016-08-18 05:57,1591.113,164752.9,129649.9,16.206,36.144,52.35,13.5,584.965
2016-08-19 05:57,1591.706,164734.5,129649.9,7.981,15.305,23.286,15.5,585.285
2016-08-20 09:00,,,,13.785,35.165,48.95,,
2016-08-21 09:00,,,,9.764,22.961,32.725,,
2016-08-22 07:08,1593.190,164749.6,129649.9,13.221,32.022,45.243,14.5,586.086
2016-08-23 05:50,1593.569,164741.6,129649.9,12.804,42.059,54.863,14.5,586.316
2016-08-24 09:22,1593.777,164742.0,129649.9,14.071,41.447,55.518,20.5,586.744
2016-08-25 07:27,1594.109,164757.7,129649.9,14.986,40.614,55.6,19.5,587.252
2016-08-26 07:10,1594.248,164766.4,129649.9,14.577,35.437,50.014,21.5,587.497
2016-08-27 08:35,1594.538,164769.9,129649.9,13.078,34.518,47.596,19.0,587.814
2016-08-28 08:45,1594.690,164789.2,129649.9,11.736,26.970,38.706,22.0,588.252
2016-08-29 05:50,1594.992,164802.7,129649.9,9.919,26.033,35.952,18.0,589.616
2016-08-30 05:52,1595.329,164815.2,129649.9,16.208,41.428,57.636,12.5,590.058
2016-08-31 05:53,1595.584,164815.9,129649.9,13.924,36.982,50.906,13.5,590.318
2016-09-01 07:41,1595.706,164808.4,129649.9,11.224,27.264,38.488,15.5,590.543
2016-09-02 05:59,1596.454,164816.0,129649.9,9.189,18.594,27.783,13.5,591.026
2016-09-03 07:42,1596.761,164828.2,129649.9,11.592,28.739,40.331,15.5,591.293
2016-09-04 09:00,,,,7.240,16.898,24.138,,
2016-09-05 09:00,,,,10.821,26.875,37.696,,
2016-09-06 05:49,1598.043,164865.5,129649.9,14.933,35.387,50.32,14.5,592.368
2016-09-07 05:53,1598.357,164857.7,129649.9,15.685,39.525,55.21,15.0,592.888
2016-09-08 08:32,1598.562,164850.5,129649.9,13.328,35.039,48.367,16.0,593.424
2016-09-09 05:48,1598.914,164845.8,129649.9,12.304,38.477,50.781,14.0,593.739
2016-09-10 08:15,1599.144,164851.3,129649.9,10.558,34.863,45.421,13.0,593.955
2016-09-11 08:37,1599.593,164865.0,129649.9,8.482,18.608,27.09,17.5,594.425
2016-09-12 05:41,1599.942,164878.1,129649.9,15.428,35.101,50.529,17.5,594.689
2016-09-13 05:46,1600.534,164871.2,129649.9,14.293,33.644,47.937,19.5,595.195
2016-09-14 06:51,1600.756,164890.2,129649.9,13.527,32.638,46.165,20.5,596.103
2016-09-15 06:20,1601.216,164911.0,129649.9,11.631,25.142,36.773,19.5,597.405
2016-09-16 06:39,1601.629,164924.9,129649.9,8.575,18.340,26.915,15.0,597.910
2016-09-17 08:52,1601.845,164957.1,129649.9,8.977,21.806,30.783,17.0,598.214
2016-09-18 08:40,1602.471,164983.5,129649.9,6.077,12.718,18.795,16.0,598.644
2016-09-19 05:48,1602.730,165007.4,129649.9,9.817,21.076,30.893,14.5,598.822
2016-09-20 05:39,1603.867,165023.9,129649.9,10.279,21.726,32.005,12.5,599.442
2016-09-21 07:21,1605.645,165039.5,129649.9,8.966,19.158,28.124,15.0,599.838
2016-09-22 07:36,1608.690,165053.2,129649.9,8.890,19.104,27.994,10.0,600.065
2016-09-23 05:51,1610.935,165073.3,129649.9,8.619,21.791,30.41,12.5,600.629
2016-09-24 08:30,1614.289,165103.4,129649.9,11.424,32.794,44.218,11.0,601.068
2016-09-25 08:39,1615.608,165117.5,129649.9,9.010,22.473,31.483,12.5,602.510
2016-09-26 07:30,1618.321,165167.8,129649.9,7.727,14.961,22.688,9.5,603.489
2016-09-27 07:37,1623.417,165186.3,129649.9,13.834,29.751,43.585,7.5,603.769
2016-09-28 05:50,1625.444,165179.4,129649.9,12.898,27.872,40.77,14.5,604.230
2016-09-29 05:53,1625.936,165180.1,129649.9,3.580,6.973,10.553,15.0,604.544
2016-09-30 05:49,1627.433,165207.0,129649.9,10.305,22.991,33.296,13.0,604.982
2016-10-01 10:09,1631.965,165212.2,129649.9,7.153,15.984,23.137,14.0,605.275
2016-10-02 09:00,,,,4.278,8.511,12.789,,
2016-10-03 09:00,,,,7.502,15.911,23.413,,
2016-10-04 05:52,1648.643,165277.8,129649.9,2.912,5.808,8.72,10.5,606.505
2016-10-05 05:54,1656.542,165310.6,129649.9,12.619,28.523,41.142,7.5,606.819
2016-10-06 07:47,1664.936,165307.9,129649.9,5.905,11.923,17.828,4.5,607.069
2016-10-07 05:40,1669.458,165325.9,129649.9,3.562,7.186,10.748,10.5,608.132
2016-10-08 08:52,1678.377,165358.4,129649.9,8.750,19.255,28.005,10.0,608.640
2016-10-09 08:35,1687.668,165373.3,129649.9,7.300,17.631,24.931,5.5,609.359
2016-10-10 05:50,1692.788,165382.1,129649.9,6.138,13.518,19.656,7.5,609.728
2016-10-11 07:18,1705.228,165410.9,129649.9,7.983,17.415,25.398,3.5,610.511
2016-10-12 06:30,1714.377,165425.7,129649.9,1.621,3.295,4.916,9.5,610.801
2016-10-13 06:14,1718.888,165456.2,129649.9,9.416,20.808,30.224,5.5,611.434
2016-10-14 06:04,1722.377,165450.6,129649.9,5.187,10.628,15.815,8.0,611.770
2016-10-15 11:06,1730.796,165465.4,129649.9,7.851,17.609,25.46,11.5,612.373
2016-10-16 09:30,1734.867,165469.5,129649.9,9.015,21.829,30.844,10.0,612.857
2016-10-17 05:50,1736.878,165457.3,129649.9,4.409,9.128,13.537,11.5,613.125
2016-10-18 05:51,1743.676,165469.8,129649.9,2.921,5.722,8.643,8.0,613.607
2016-10-19 05:48,1748.987,165484.8,129649.9,2.903,6.170,9.073,8.0,613.839
2016-10-20 05:49,1753.596,165499.1,129649.9,2.763,5.498,8.261,8.5,614.164
2016-10-21 05:48,1757.455,165519.5,129649.9,4.244,9.165,13.409,7.0,614.567
2016-10-22 11:01,1766.006,165534.5,129649.9,5.371,10.908,16.279,9.0,614.874
2016-10-23 10:49,1773.188,165548.2,129649.9,2.428,4.936,7.364,4.5,615.497
2016-10-24 07:10,1778.804,165557.2,129649.9,1.309,2.661,3.97,7.0,615.758
2016-10-25 05:47,1781.346,165578.8,129649.9,1.618,3.259,4.877,10.0,616.520
2016-10-26 05:50,1784.413,165593.5,129649.9,6.779,14.745,21.524,7.5,616.791
2016-10-27 07:45,1791.848,165597.8,129649.9,2.416,4.967,7.383,9.5,617.440
2016-10-28 05:48,1793.112,165606.6,129649.9,1.403,2.862,4.265,11.5,617.716
2016-10-29 08:58,1795.253,165629.9,129649.9,6.136,11.775,17.911,12.0,618.292
2016-10-30 09:00,1803.92,165628.8,129649.9,6.183,14.321,20.504,9.25,618.798
2016-10-31 06:51,1812.587,165627.7,129649.9,6.395,14.650,21.045,6.5,619.304
2016-11-01 07:22,1820.148,165631.5,129649.9,4.782,10.230,15.012,6.0,619.675
2016-11-02 08:47,1824.507,165634.0,129649.9,4.143,9.773,13.916,8.0,619.990
2016-11-03 06:30,1831.942,165637.6,129649.9,3.110,6.370,9.48,4.5,620.381
2016-11-04 05:48,1838.209,165653.3,129649.9,3.530,7.388,10.918,6.0,620.847
2016-11-05 09:43,1845.320,165671.8,129649.9,4.716,8.493,13.209,8.5,621.507
2016-11-06 08:52,1851.572,165685.7,129649.9,2.136,4.569,6.705,5.5,622.114
2016-11-07 05:44,1858.309,165700.0,129649.9,0.869,1.766,2.635,5.5,622.617
2016-11-08 07:40,1869.244,165719.2,129649.9,4.765,9.849,14.614,1.5,623.080
2016-11-09 05:48,1875.106,165727.0,129649.9,1.089,2.219,3.308,4.0,623.629
2016-11-10 06:12,1886.923,165751.1,129649.9,1.709,3.499,5.208,5.5,624.144
2016-11-11 08:54,1894.292,165774.0,129649.9,0.775,1.635,2.41,3.5,624.621
2016-11-12 08:47,1903.696,165790.1,129649.9,2.126,4.401,6.527,0.5,624.935
2016-11-13 10:02,1910.536,165803.2,129649.9,0.991,2.049,3.04,6.0,625.197
2016-11-14 05:57,1917.118,165816.5,129649.9,2.475,5.060,7.535,1.5,625.511
2016-11-15 05:59,1929.486,165836.6,129649.9,0.500,1.015,1.515,6.5,625.999
2016-11-16 05:52,1937.686,165853.9,129649.9,0.900,1.893,2.793,12.5,626.221
2016-11-17 05:50,1939.671,165880.6,129649.9,1.556,3.635,5.191,10.5,626.946
2016-11-18 05:48,1943.138,165897.4,129649.9,1.867,3.629,5.496,7.5,627.375
2016-11-19 09:23,1952.589,165916.5,129649.9,2.991,6.133,9.124,5.5,627.672
2016-11-20 08:21,1960.335,165931.8,129649.9,2.969,4.646,7.615,8.0,628.216
2016-11-21 05:45,1962.261,165947.6,129649.9,1.105,2.293,3.398,12.0,628.776
2016-11-22 06:08,1967.161,165964.4,129649.9,2.634,5.039,7.673,10.5,629.025
2016-11-23 05:39,1971.759,165981.4,129649.9,1.948,4.145,6.093,8.5,629.546
2016-11-24 05:37,1974.593,166000.8,129649.9,3.788,6.926,10.714,9.0,629.934
2016-11-25 05:45,1980.220,166009.3,129649.9,4.929,8.469,13.398,3.5,630.335
2016-11-26 09:37,1992.850,166022.5,129649.9,1.630,3.407,5.037,5.0,630.825
2016-11-27 08:46,2006.411,166037.6,129649.9,3.051,5.433,8.484,4.0,631.274
2016-11-28 05:37,2011.968,166048.4,129649.9,4.885,8.358,13.243,1.0,631.643
2016-11-29 07:59,2030.937,166055.2,129649.9,4.955,8.306,13.261,-2.5,631.976
2016-11-30 06:08,2042.513,166060.7,129649.9,4.804,8.315,13.119,-3.0,632.405
2016-12-01 05:41,2050.306,166075.2,129649.9,0.591,1.228,1.819,4.0,632.968
2016-12-02 05:39,2055.589,166093.3,129649.9,1.408,2.929,4.337,8.0,633.290
2016-12-03 09:39,2067.325,166117.6,129649.9,4.805,8.224,13.029,1.0,633.821
2016-12-04 09:36,2078.770,166128.4,129649.9,4.738,8.047,12.785,-1.5,634.247
2016-12-05 08:49,2090.335,166142.9,129649.9,4.275,7.583,11.858,-2.0,634.642
2016-12-06 05:41,2103.198,166159.4,129649.9,4.201,7.820,12.021,-0.5,635.317
2016-12-07 05:39,2116.224,166174.8,129649.9,2.424,4.438,6.862,3.5,635.832
2016-12-08 06:52,2125.200,166193.5,129649.9,2.761,5.419,8.18,6.0,636.348
2016-12-09 05:45,2131.893,166209.0,129649.9,1.743,3.605,5.348,9.0,636.890
2016-12-10 07:26,2139.323,166236.2,129649.9,1.197,2.647,3.844,5.5,637.381
2016-12-11 09:00,,,,1.672,3.017,4.689,,
2016-12-12 09:00,,,,2.104,4.443,6.547,,
2016-12-13 09:00,,,,0.820,1.695,2.515,,
2016-12-14 05:52,2199.523,166295.2,129649.9,3.214,5.144,8.358,7.5,638.467
2016-12-15 05:55,2207.746,166311.8,129649.9,3.842,6.563,10.405,4.0,638.922
2016-12-16 06:02,2219.567,166318.6,129649.9,2.853,5.927,8.78,5.5,639.129
2016-12-17 09:53,2228.390,166340.9,129649.9,0.277,0.591,0.868,5.0,639.391
2016-12-18 09:31,2235.877,166362.1,129649.9,0.849,1.765,2.614,8.0,639.762
2016-12-19 05:51,2240.945,166373.9,129649.9,3.173,5.793,8.966,7.5,640.163
2016-12-20 05:50,2251.468,166399.2,129649.9,3.735,6.451,10.186,0.0,640.897
2016-12-21 06:54,2265.867,166419.2,129649.9,3.423,6.804,10.227,0.5,641.470
2016-12-22 05:45,2273.583,166433.0,129649.9,0.778,1.568,2.346,6.0,642.082
2016-12-23 08:07,2283.510,166451.9,129649.9,2.279,4.805,7.084,6.0,642.358
2016-12-24 08:17,2289.823,166470.2,129649.9,1.726,3.684,5.41,7.5,642.825
2016-12-25 09:00,,,,0.248,0.521,0.769,,
2016-12-26 09:10,2322.312,166496.9,129649.9,2.406,4.945,7.351,8.5,643.247
2016-12-27 09:38,2332.446,166516.7,129649.9,2.953,6.713,9.666,2.0,643.803
2016-12-28 09:15,2342.591,166528.6,129649.9,0.685,1.412,2.097,4.5,644.084
2016-12-29 10:08,2356.596,166552.0,129649.9,3.127,7.272,10.399,-1.5,644.563
2016-12-30 09:37,2370.810,166563.6,129649.9,4.313,7.587,11.9,-2.5,644.809
2016-12-31 11:51,2392.645,166573.0,129649.9,0.921,1.978,2.899,1.0,645.071
2017-01-01 11:43,2411.199,166594.5,129649.9,1.108,2.404,3.512,0.5,645.612
2017-01-02 09:42,2423.036,166611.8,129649.9,1.231,2.647,3.878,1.5,645.925
2017-01-03 09:43,2437.618,166631.6,129649.9,2.563,5.542,8.105,0.0,646.293
2017-01-04 10:20,2450.710,166647.8,129649.9,2.129,3.921,6.05,5.0,646.774
2017-01-05 08:58,2461.052,166666.6,129649.9,4.587,8.089,12.676,0.0,647.087
2017-01-06 09:02,2475.886,166678.1,129649.9,4.479,7.600,12.079,-4.0,647.519
2017-01-07 13:06,2492.300,166696.1,129649.9,0.037,0.349,0.386,-0.5,648.167
2017-01-08 11:04,2504.493,166713.5,129649.9,0.877,1.908,2.785,3.5,648.394
2017-01-09 05:39,2516.825,166727.2,129649.9,1.253,2.627,3.88,3.5,648.566
2017-01-10 05:38,2528.643,166742.4,129649.9,1.187,2.560,3.747,4.5,648.838
2017-01-11 08:19,2540.157,166773.3,129649.9,0.622,1.141,1.763,6.0,649.780
2017-01-12 05:37,2544.795,166793.7,129649.9,2.067,4.379,6.446,4.0,650.072
2017-01-13 05:41,2556.061,166814.0,129649.9,3.498,7.399,10.897,2.0,650.325
2017-01-14 11:09,2576.999,166825.6,129649.9,1.515,3.913,5.428,2.0,650.684
2017-01-15 10:48,2590.340,166842.9,129649.9,1.268,3.284,4.552,1.5,651.198
2017-01-16 05:30,2598.897,166860.0,129649.9,1.049,2.154,3.203,2.5,651.653
2017-01-17 09:30,2620.942,166888.0,129649.9,5.551,9.830,15.381,-1.5,652.293
2017-01-18 07:51,2633.496,166894.2,129649.9,3.365,6.944,10.309,-3.5,652.700
2017-01-19 08:35,2650.624,166913.3,129649.9,5.631,10.522,16.153,-3.5,653.215
2017-01-20 08:23,2668.363,166920.4,129649.9,6.194,11.331,17.525,-1.5,653.951
2017-01-21 09:36,2686.683,166928.0,129649.9,5.686,10.666,16.352,-1.0,654.621
2017-01-22 09:11,2707.813,166931.7,129649.9,5.134,10.878,16.012,-3.0,654.950
2017-01-23 05:29,2721.498,166938.7,129649.9,1.242,2.551,3.793,1.5,655.356
2017-01-24 05:49,2731.924,166960.6,129649.9,1.085,2.243,3.328,2.5,655.831
2017-01-25 05:54,2744.705,166975.1,129649.9,2.654,5.430,8.084,1.0,656.090
2017-01-26 07:18,2771.452,166988.0,129649.9,6.187,12.468,18.655,-4.0,656.526
2017-01-27 06:03,2780.371,166987.6,129649.9,4.136,8.260,12.396,-3.5,657.106
2017-01-28 08:07,2792.310,167001.7,129649.9,4.211,8.264,12.475,5.0,657.500
2017-01-29 09:42,2802.033,167012.1,129649.9,4.719,7.977,12.696,5.5,657.917
2017-01-30 05:40,2816.882,167023.1,129649.9,0.567,1.142,1.709,6.0,658.408
2017-01-31 08:30,2831.957,167044.4,129649.9,1.333,2.692,4.025,4.0,658.768
2017-02-01 05:38,2839.798,167060.4,129649.9,1.938,3.956,5.894,3.0,659.217
2017-02-02 08:27,2848.718,167087.3,129649.9,4.738,9.720,14.458,6.5,659.813
2017-02-03 05:53,2857.478,167095.7,129649.9,2.959,7.773,10.732,9.5,660.042
2017-02-04 10:17,2871.611,167113.5,129649.9,1.089,2.215,3.304,5.5,660.772
2017-02-05 08:30,2884.646,167131.8,129649.9,2.226,4.481,6.707,2.5,661.107
2017-02-06 05:48,2894.629,167143.1,129649.9,3.100,7.781,10.881,3.5,661.392
2017-02-07 05:35,2910.878,167153.7,129649.9,1.186,2.426,3.612,5.5,661.700
2017-02-08 05:39,2921.975,167171.2,129649.9,0.986,1.993,2.979,5.0,662.141
2017-02-09 05:44,2935.619,167187.8,129649.9,3.745,7.676,11.421,1.5,662.416
2017-02-10 05:44,2953.409,167193.4,129649.9,1.335,2.707,4.042,-2.0,662.613
2017-02-11 09:30,2982.591,167214.5,129649.9,0.626,2.182,2.808,0.0,663.120
2017-02-12 07:49,2992.349,167240.0,129649.9,3.495,7.539,11.034,3.0,663.877
2017-02-13 11:21,3012.765,167256.4,129649.9,8.242,18.625,26.867,3.5,665.168
2017-02-14 05:25,3019.224,167250.0,129649.9,8.054,18.476,26.53,1.0,665.407
2017-02-15 05:42,3036.016,167243.3,129649.9,5.768,13.982,19.75,3.5,665.907
2017-02-16 07:04,3049.480,167248.5,129649.9,8.382,18.336,26.718,5.0,666.363
2017-02-17 05:52,3058.278,167236.0,129649.9,2.037,4.149,6.186,6.0,666.510
2017-02-18 07:39,3071.634,167249.4,129649.9,6.526,14.250,20.776,7.0,666.972
2017-02-19 10:24,3086.917,167253.0,129649.9,2.192,4.466,6.658,5.5,667.329
2017-02-20 07:02,3100.222,167264.6,129649.9,0.930,1.876,2.806,7.5,667.604
2017-02-21 05:50,3113.028,167281.6,129649.9,2.058,4.099,6.157,10.0,667.875
2017-02-22 05:57,3119.450,167301.7,129649.9,0.656,1.318,1.974,9.5,668.636
2017-02-23 05:59,3126.549,167327.6,129649.9,2.823,6.196,9.019,9.0,668.981
2017-02-24 05:56,3139.707,167339.7,129649.9,6.133,13.443,19.576,3.0,669.330
2017-02-25 08:14,3159.732,167339.7,129649.9,4.255,8.365,12.62,1.0,669.576
2017-02-26 11:41,3174.358,167350.4,129649.9,2.847,5.737,8.584,10.0,670.092
2017-02-27 09:11,3180.752,167370.0,129649.9,2.095,4.165,6.26,10.5,670.498
2017-02-28 07:15,3188.127,167385.5,129649.9,4.516,9.544,14.06,5.0,670.815
2017-03-01 07:45,3202.421,167405.8,129649.9,3.285,6.704,9.989,6.0,671.613
2017-03-02 05:45,3212.230,167416.6,129649.9,2.796,5.805,8.601,6.0,672.087
2017-03-03 05:49,3228.149,167443.0,129649.9,4.572,9.039,13.611,2.5,672.883
2017-03-04 09:00,,,129649.9,3.369,6.768,10.137,,
2017-03-05 09:00,,,129649.9,3.600,6.838,10.438,,
2017-03-06 05:52,3257.658,167486.5,129649.9,3.586,7.775,11.361,6.0,674.511
2017-03-07 06:51,3276.429,167491.7,129649.9,6.897,16.173,23.07,5.5,674.710
2017-03-08 08:07,3290.570,167490.9,129649.9,1.289,2.594,3.883,5.0,675.114
2017-03-09 09:12,3305.512,167514.0,129649.9,6.642,15.936,22.578,10.0,675.729
2017-03-10 06:02,3313.028,167513.2,129649.9,12.867,27.107,39.974,3.5,676.191
2017-03-11 11:12,3325.920,167493.9,129649.9,7.500,14.402,21.902,12.5,676.708
2017-03-12 08:39,3335.513,167500.2,129649.9,13.690,31.933,45.623,6.0,677.135
2017-03-13 07:12,3346.540,167481.8,129649.9,9.086,18.231,27.317,2.0,677.945
2017-03-14 09:00,,,129649.9,12.603,26.611,39.214,,
2017-03-15 09:00,,,129649.9,12.194,27.060,39.254,,
2017-03-16 07:16,3367.045,167445.0,129649.9,14.249,31.866,46.115,4.5,679.342
2017-03-17 07:13,3370.887,167426.3,129649.9,9.111,19.131,28.242,9.5,679.908
2017-03-18 09:00,,,129649.9,1.619,3.298,4.917,,
2017-03-19 09:00,,,129649.9,3.375,6.923,10.298,,
2017-03-20 05:36,3400.317,167442.1,129649.9,3.628,7.125,10.753,10.0,681.069
2017-03-21 05:41,3410.170,167447.6,129649.9,10.115,22.156,32.271,8.5,681.314
2017-03-22 05:42,3422.128,167434.8,129649.9,11.207,24.435,35.642,1.0,681.711
2017-03-23 07:54,3434.946,167421.5,129649.9,15.267,34.163,49.43,4.0,682.144
2017-03-24 05:54,3440.714,167392.9,129649.9,15.248,36.840,52.088,5.5,682.567
2017-03-25 07:14,3448.818,167369.0,129649.9,14.753,38.260,53.013,4.5,683.140
2017-03-26 09:30,3456.019,167344.4,129649.9,16.116,37.840,53.956,5.5,683.792
2017-03-27 05:57,3461.280,167313.8,129649.9,15.916,39.573,55.489,5.0,684.635
2017-03-28 06:03,3466.054,167279.9,129649.9,13.814,29.308,43.122,7.5,685.068
2017-03-29 05:59,3469.572,167258.0,129649.9,8.523,17.674,26.197,10.0,685.530
2017-03-30 05:57,3471.958,167256.2,129649.9,14.991,35.287,50.278,10.5,686.090
2017-03-31 06:12,3475.097,167237.0,129649.9,9.265,17.419,26.684,12.5,686.772
2017-04-01 08:40,3476.322,167232.8,129649.9,4.244,8.419,12.663,12.0,687.270
2017-04-02 09:04,3485.453,167239.0,129649.9,13.037,31.761,44.798,7.0,687.650
2017-04-03 06:09,3488.303,167216.0,129649.9,10.958,31.175,42.133,6.0,687.962
2017-04-04 09:36,3498.181,167209.7,129649.9,11.750,25.231,36.981,8.0,688.782
2017-04-05 06:01,3501.681,167193.5,129649.9,8.628,18.190,26.818,6.0,689.331
2017-04-06 09:00,,,129649.9,7.147,14.446,21.593,,
2017-04-07 12:41,3528.553,167184.5,129649.9,7.306,13.378,20.684,16.0,690.255
2017-04-08 09:14,3535.512,167193.3,129649.9,14.297,40.595,54.892,9.5,690.635
2017-04-09 09:26,3540.279,167157.7,129649.9,16.577,42.563,59.14,8.5,691.093
2017-04-10 11:08,3542.346,167116.1,129649.9,10.056,22.529,32.585,12.0,691.712
2017-04-11 10:37,3551.926,167110.7,129649.9,12.462,26.663,39.125,8.0,692.371
2017-04-12 08:35,3557.373,167092.1,129649.9,9.653,19.516,29.169,7.5,693.013
2017-04-13 12:54,3565.302,167081.4,129649.9,14.631,34.745,49.376,13.5,693.680
2017-04-14 07:39,3571.657,167064.9,129649.9,5.878,11.530,17.408,3.5,694.211
2017-04-15 08:29,3581.801,167065.5,129649.9,6.627,14.299,20.926,8.5,694.452
2017-04-16 10:56,3593.860,167068.0,129649.9,12.149,27.621,39.77,11.0,694.953
2017-04-17 12:14,3602.598,167043.7,129649.9,12.202,29.697,41.899,7.5,695.151
2017-04-18 06:00,3610.068,167023.8,129649.9,14.125,34.936,49.061,0.5,695.417
2017-04-19 06:55,3621.847,167000.5,129649.9,14.019,31.655,45.674,0.0,695.868
2017-04-20 05:54,3634.379,166986.9,129649.9,18.950,46.288,65.238,-1.0,696.379
2017-04-21 08:02,3643.907,166943.5,129649.9,7.254,15.478,22.732,7.5,696.894
2017-04-22 11:59,3652.336,166940.1,129649.9,8.502,16.941,25.443,11.0,697.406
2017-04-23 09:00,,,129649.9,9.384,20.503,29.887,,
2017-04-24 07:04,3672.059,166937.8,129649.9,12.653,24.551,37.204,2.0,698.126
2017-04-25 07:29,3678.924,166931.4,129649.9,11.946,31.174,43.12,6.0,698.506
2017-04-26 07:32,3690.591,166914.6,129649.9,6.649,27.676,34.325,2.0,699.256
2017-04-27 07:08,3700.519,166899.6,129649.9,11.400,25.626,37.026,1.0,699.600
2017-04-28 07:56,3712.073,166886.3,129649.9,10.214,21.764,31.978,5.0,700.273
2017-04-29 08:13,3724.314,166875.8,129649.9,7.324,23.088,30.412,3.5,700.721
2017-04-30 09:00,,,129649.9,15.503,43.113,58.616,,
2017-05-01 09:00,,,129649.9,7.959,17.279,25.238,,
2017-05-02 05:43,3740.279,166813.5,129649.9,5.946,12.212,18.158,6.0,701.691
2017-05-03 05:41,3750.512,166816.0,129649.9,5.962,23.461,29.423,8.0,702.332
2017-05-04 05:40,3755.988,166803.6,129649.9,9.481,19.624,29.105,9.5,702.667
2017-05-05 08:39,3764.591,166801.8,129649.9,8.252,18.744,26.996,8.0,703.062
2017-05-06 08:28,3772.406,166795.2,129649.9,17.445,40.043,57.488,8.5,703.645
2017-05-07 09:00,,,129649.9,8.005,15.555,23.56,,
2017-05-08 06:15,3778.735,166768.3,129649.9,6.517,15.420,21.937,8.0,704.880
2017-05-09 05:49,3787.930,166768.6,129649.9,18.716,49.736,68.452,2.5,705.478
2017-05-10 05:54,3792.959,166722.0,129649.9,16.655,48.922,65.577,4.5,705.936
2017-05-11 05:46,3796.392,166685.5,129649.9,9.807,21.816,31.623,9.0,706.986
2017-05-12 05:41,3797.352,166670.8,129649.9,13.216,27.060,40.276,13.5,707.246
2017-05-13 07:30,3798.442,166653.3,129649.9,11.430,24.270,35.7,15.0,707.739
2017-05-14 08:32,3799.330,166634.7,129649.9,16.506,35.173,51.679,16.0,708.263
2017-05-15 05:50,3799.840,166599.5,129649.9,15.369,39.210,54.579,9.5,708.532
2017-05-16 06:51,3800.596,166565.4,129649.9,15.033,32.952,47.985,16.5,709.074
2017-05-17 05:56,3800.899,166535.5,129649.9,17.047,44.200,61.247,19.0,709.541
2017-05-18 07:39,3801.210,166500.3,129649.9,9.634,21.130,30.764,17.5,709.931
2017-05-19 05:53,3801.628,166485.2,129649.9,6.170,12.521,18.691,14.0,710.217
2017-05-20 09:00,,,129649.9,17.740,42.508,60.248,,
2017-05-21 09:00,,,129649.9,18.188,38.369,56.557,,
2017-05-22 05:51,3805.870,166410.8,129649.9,15.577,39.095,54.672,12.0,711.868
2017-05-23 05:58,3806.327,166378.0,129649.9,17.760,43.941,61.701,15.0,712.564
2017-05-24 05:47,3806.759,166339.0,129649.9,16.287,39.129,55.416,13.0,713.142
2017-05-25 09:37,3807.429,166325.3,129649.9,16.304,51.304,67.608,17.5,713.819
2017-05-26 08:35,3808.222,166296.4,129649.9,18.213,52.113,70.326,20.5,715.290
2017-05-27 08:25,3808.445,166293.7,129649.9,13.557,46.201,59.758,23.5,716.003
2017-05-28 08:38,3808.922,166339.9,129649.9,13.964,40.199,54.163,21.5,716.753
2017-05-29 08:09,3809.180,166384.4,129649.9,13.189,31.339,44.528,22.5,717.199
2017-05-30 05:42,3809.180,166394.7,129649.9,9.232,27.081,36.313,21.5,717.442
2017-05-31 06:39,3809.441,166419.3,129649.9,12.605,38.280,50.885,13.5,717.890
2017-06-01 08:12,3809.882,166439.3,129649.9,14.947,41.613,56.56,16.5,719.404
2017-06-02 05:44,3810.093,166453.8,129649.9,12.846,39.419,52.265,17.5,719.907
2017-06-03 08:46,3810.402,166475.3,129649.9,9.724,26.759,36.483,23.0,720.621
2017-06-04 09:05,3810.672,166514.6,129649.9,11.173,29.279,40.452,19.0,721.396
2017-06-05 08:57,3811.011,166534.2,129649.9,11.993,39.279,51.272,17.5,721.662
2017-06-06 09:00,,,129649.9,10.529,37.387,47.916,,
2017-06-07 09:00,,,129649.9,12.506,32.480,44.986,,
2017-06-08 09:00,,,129649.9,13.623,41.070,54.693,,
2017-06-09 06:01,3813.077,166592.6,129649.9,11.483,36.995,48.478,17.5,724.139
2017-06-10 09:21,3813.515,166624.2,129649.9,15.020,49.295,64.315,20.0,724.548
2017-06-11 08:28,3813.927,166629.2,129649.9,12.139,30.075,42.214,22.5,724.996
2017-06-12 05:39,3814.341,166667.7,129649.9,10.215,19.455,29.67,15.5,726.535
2017-06-13 05:39,3814.673,166710.9,129649.9,13.222,31.046,44.268,13.5,727.024
2017-06-14 05:41,3815.122,166735.3,129649.9,14.392,50.404,64.796,13.0,728.984
2017-06-15 07:42,3815.522,166744.7,129649.9,16.507,41.203,57.71,20.5,729.430
2017-06-16 05:40,3815.879,166756.5,129649.9,12.174,30.632,42.806,15.5,730.034
2017-06-17 08:52,3816.502,166797.3,129649.9,11.274,25.072,36.346,18.0,730.528
2017-06-18 09:00,,,129649.9,13.947,42.031,55.978,,
2017-06-19 06:42,3817.348,166856.0,129649.9,15.224,46.788,62.012,18.5,732.344
2017-06-20 09:00,,,129649.9,15.994,38.960,54.954,,
2017-06-21 09:00,,,129649.9,17.061,45.235,62.296,,
2017-06-22 09:00,,,129649.9,15.061,35.617,50.678,,
2017-06-23 06:38,3818.065,166908.0,129649.9,16.995,46.329,63.324,19.5,735.716
2017-06-24 08:43,3818.636,166925.4,129649.9,5.831,11.836,17.667,20.0,736.142
2017-06-25 10:08,3818.983,166983.3,129649.9,7.987,15.960,23.947,18.5,736.310
2017-06-26 05:40,3819.549,167005.6,129649.9,17.693,47.917,65.61,16.5,736.661
2017-06-27 06:38,3820.064,166999.7,129649.9,7.187,14.491,21.678,15.0,737.202
2017-06-28 05:42,3820.491,167050.8,129649.9,12.234,26.792,39.026,17.5,737.737
2017-06-29 07:55,3821.271,167084.8,129649.9,13.162,29.047,42.209,16.0,738.353
2017-06-30 07:37,3821.954,167102.6,129649.9,12.084,29.114,41.198,16.0,738.751
2017-07-01 09:00,,,,3.530,7.253,10.783,,
2017-07-02 09:00,,,,12.959,36.135,49.094,,
2017-07-03 06:37,3824.142,167219.6,129649.9,13.577,32.087,45.664,9.5,741.193
2017-07-04 06:50,3825.035,167243.5,129649.9,14.736,43.952,58.688,16.0,741.903
2017-07-05 06:46,3825.176,167246.4,129649.9,16.330,43.608,59.938,16.5,742.132
2017-07-06 05:44,3825.730,167239.1,129649.9,12.048,27.547,39.595,16.5,744.248
2017-07-07 07:53,3826.300,167260.2,129649.9,15.915,43.254,,22.0,744.594
2017-07-08 07:36,3826.871,167272.4,129649.9,13.015,28.353,,20.0,744.962
2017-07-09 09:32,3827.281,167301.2,129649.9,14.450,35.767,,20.0,745.521
2017-07-10 05:39,3827.498,167290.8,129649.9,13.949,28.819,,17.5,745.988
2017-07-11 08:25,3828.168,167306.7,129649.9,12.342,25.109,,17.0,746.479
2017-07-12 05:41,3828.384,167307.9,129649.9,8.167,20.227,,16.5,746.965
2017-07-13 07:57,3829.234,167337.0,129649.9,14.690,39.317,,14.0,747.274
2017-07-14 07:47,3830.537,167331.2,129649.9,10.028,21.333,,15.5,747.888
2017-07-15 08:32,3831.505,167357.2,129649.9,12.235,25.724,,15.5,748.748
2017-07-16 08:05,3832.110,167372.1,129649.9,8.608,17.406,,17.5,749.207
2017-07-17 06:39,3832.490,167395.0,129649.9,17.134,43.510,,18.0,749.737
2017-07-18 08:14,3833.165,167382.4,129649.9,17.524,48.962,,17.0,750.213
2017-07-19 07:56,3833.461,167358.8,129649.9,10.664,23.197,,24.0,750.627
2017-07-20 05:45,3833.786,167363.2,129649.9,12.072,27.991,,19.5,750.927
2017-07-21 09:27,3834.296,167380.6,129649.9,15.617,42.854,,20.5,751.423
2017-07-22 09:32,3834.427,167374.8,129649.9,11.075,23.651,,21.0,751.836
2017-07-23 08:58,3834.564,167386.5,129649.9,9.308,25.965,,16.6,752.251
2017-07-24 09:22,3835.184,167408.0,129649.9,10.174,23.848,,16.5,752.617
2017-07-25 06:56,3835.440,167412.1,129649.9,8.778,17.345,,13.5,752.898
2017-07-26 06:43,3836.066,167438.7,129649.9,12.412,32.512,,14.5,753.359
2017-07-27 05:42,3836.733,167450.0,129649.9,15.869,34.816,,17.5,754.268
2017-07-28 05:46,3837.385,167444.6,129649.9,10.716,24.239,,13.5,754.755
2017-07-29 08:09,3837.966,167455.8,129649.9,11.465,28.752,,19.0,755.171
2017-07-30 08:24,3838.474,167457.4,129649.9,13.565,33.516,,23.5,755.581
2017-07-31 05:40,3838.962,167453.6,129649.9,14.978,35.697,,15.5,756.235
2017-08-01 07:11,3839.539,167440.9,129649.9,11.259,23.526,,16.0,756.625
2017-08-02 06:37,3839.971,167441.3,129649.9,9.068,16.874,,16.5,756.904
2017-08-03 06:34,3840.437,167453.2,129649.9,14.360,38.777,,18.0,757.201
2017-08-04 06:37,3840.858,167441.9,129649.9,11.904,25.625,,17.0,757.442
2017-08-05 09:00,,,,10.503,23.787,,,
2017-08-06 09:00,,,,15.095,40.568,,,
2017-08-07 06:39,3842.379,167454.0,129649.9,15.481,44.543,,11.5,758.653
2017-08-08 06:41,3842.571,167441.0,129649.9,3.286,6.990,,15.5,759.168
2017-08-09 06:13,3842.998,167474.9,129649.9,10.967,23.478,,14.0,759.580
2017-08-10 06:35,3843.541,167486.0,129649.9,3.253,6.483,,15.0,759.925
2017-08-11 06:38,3844.218,167534.5,129649.9,14.467,31.146,,14.5,760.371
2017-08-12 08:07,3844.900,167540.7,129649.9,4.805,9.824,,15.0,760.859
2017-08-13 08:53,3845.978,167580.2,129649.9,12.818,34.500,,15.0,761.418
2017-08-14 05:43,3846.380,167573.3,129649.9,15.141,43.259,,13.5,761.695
2017-08-15 08:23,3846.807,167560.8,129649.9,5.770,12.483,,18.0,762.001
2017-08-16 05:45,3847.555,167586.4,129649.9,11.586,23.505,,14.0,762.618
2017-08-17 06:59,3848.173,167598.7,129649.9,5.085,10.184,,16.5,762.994
2017-08-18 08:56,3848.492,167634.0,129649.9,7.944,16.720,,17.0,763.305
2017-08-19 09:00,3849.014,167665.2,129649.9,8.216,18.182,,13.5,763.907
2017-08-20 08:13,3849.658,167696.2,129649.9,12.697,28.950,,12.0,764.396
2017-08-21 09:00,,,,11.190,26.614,,,
2017-08-22 09:00,,,,15.269,37.417,,,
2017-08-23 09:00,,,,11.359,28.156,,,
2017-08-24 07:36,3850.871,167688.7,129649.9,12.479,28.343,,16.5,765.577
2017-08-25 07:54,3851.580,167700.5,129649.9,10.567,21.499,,14.5,766.484
2017-08-26 07:16,3852.075,167723.8,129649.9,10.715,26.545,,17.5,767.219
2017-08-27 08:39,3852.817,167740.1,129649.9,13.295,30.700,,18.0,767.766
2017-08-28 07:46,3853.053,167738.5,129649.9,14.217,35.669,,16.0,768.102
2017-08-29 07:51,3853.370,167746.2,129649.9,14.090,36.422,,17.5,769.284
2017-08-30 08:26,3853.706,167755.2,129649.9,7.830,15.476,,19.0,770.775
2017-08-31 07:35,3854.351,167774.9,129649.9,9.120,25.471,,13.5,771.448
2017-09-01 07:36,3854.583,167795.9,129649.9,11.145,30.155,,11.0,771.669
2017-09-02 08:35,3855.087,167830.8,129649.9,9.827,24.858,,13.5,772.523
2017-09-03 09:16,3855.871,167866.0,129649.9,11.990,30.154,,11.0,773.062
2017-09-04 13:00,3856.495,167886.0,129649.9,6.455,12.674,,22.0,773.579
2017-09-05 05:39,3856.788,167900.1,129649.9,,,,16.5,773.790
